-- Payment
INSERT INTO `Payment` (`reservation_id`, `payment_id`, `status`, `credit_number`, `credit_name`, `credit_expired_at`) VALUES
(1, 1, 'confirmed', '4829173056218', 'Liam Carter', '2026-04-14'),
(2, 2, 'pending', '7391058264410', 'Ava Mitchell', '2029-01-20'),
(3, 3, 'completed', '5102987346629', 'Noah Benson', '2027-03-09'),
(4, 4, 'cancelled', '9283745012365', 'Emma Reyes', '2026-06-09'),
(5, 5, 'cancelled', '6039182754401', 'Mason Turner', '2028-01-12'),
(6, 6, 'pending', '8172503694527', 'Chloe Anderson', '2025-12-12'),
(7, 7, 'pending', '2947618305524', 'Ethan Collins', '2026-12-24'),
(8, 8, 'cancelled', '5703492187603', 'Mia Lawson', '2026-06-09'),
(9, 9, 'completed', '8602319475529', 'Lucas Rivera', '2028-01-12'),
(10, 10, 'cancelled', '4318729501664', 'Lily Harper', '2026-06-09'),
(11, 11, 'cancelled', '7925403168821', 'Oliver Brooks', '2026-03-02'),
(12, 12, 'completed', '1568209735448', 'Zoe Ramirez', '2026-01-05'),
(13, 13, 'completed', '9452176033810', 'Henry Kim', '2027-06-19'),
(14, 14, 'cancelled', '3807621590446', 'Sofia Daniels', '2025-01-07'),
(15, 15, 'completed', '2148957306623', 'Jack Morgan', '2029-01-03'),
(16, 16, 'pending', '6735012849920', 'Aria Patel', '2025-11-19'),
(17, 17, 'cancelled', '5089376217441', 'Leo Hughes', '2026-01-30'),
(18, 18, 'completed', '3297604158825', 'Nora Sullivan', '2026-02-05'),
(19, 19, 'completed', '7492016385428', 'Caleb Foster', '2026-04-09'),
(20, 20, 'pending', '6018942377150', 'Isla Bennett', '2025-12-02');

-- Reservation 

INSERT INTO `Reservation` (`reservation_id`, `show_id`, `user_id`, `status`, `ticket_amount`, `ticket_total_price`, `duration`) VALUES
(1, 10, 13, 'cancelled', 1, 150, '2025-11-09 06:22:05'),
(2, 20, 12, 'pending', 1, 150, '2025-11-22 06:50:09'),
(3, 14, 5, 'completed', 2, 300, '2025-09-22 06:37:30'),
(4, 1, 15, 'cancelled', 1, 150, '2025-06-14 16:24:42'),
(5, 4, 19, 'cancelled', 2, 300, '2025-05-22 23:11:11'),
(6, 16, 2, 'pending', 2, 300, '2025-02-27 14:55:20'),
(7, 5, 5, 'pending', 3, 450, '2025-08-11 10:55:11'),
(8, 19, 3, 'cancelled', 4, 600, '2025-08-14 03:00:11'),
(9, 10, 1, 'completed', 2, 300, '2025-07-20 11:09:05'),
(10, 3, 5, 'cancelled', 2, 300, '2025-08-13 03:16:41'),
(11, 13, 12, 'cancelled', 2, 300, '2025-06-28 09:48:55'),
(12, 9, 14, 'completed', 2, 300, '2025-04-28 06:06:35'),
(13, 18, 20, 'completed', 1, 150, '2025-08-22 17:29:07'),
(14, 2, 4, 'cancelled', 4, 600, '2025-03-28 15:48:18'),
(15, 7, 9, 'completed', 3, 450, '2025-05-29 02:36:32'),
(16, 12, 18, 'pending', 5, 750, '2025-03-11 15:47:10'),
(17, 9, 2, 'cancelled', 1, 150, '2025-03-10 20:11:27'),
(18, 1, 7, 'completed', 2, 300, '2025-04-20 18:17:37'),
(19, 19, 11, 'completed', 2, 300, '2025-08-22 22:33:45'),
(20, 17, 6, 'pending', 2, 300, '2025-06-08 16:41:41'),
(21, 15, 5, 'completed', 1, 150, '2025-06-12 19:51:34'),
(22, 1, 18, 'cancelled', 5, 750, '2025-07-28 07:50:58');

-- Seat

INSERT INTO `Seat` (`reservation_id`, `seat_id`, `seat_number`, `seat_price`) VALUES
(1, 1, 'A3', 150),
(2, 2, 'F12', 150),
(3, 3, 'A5', 300),
(4, 4, 'A9', 150),
(2, 5, 'F1', 150),
(3, 6, 'F10', 300),
(4, 7, 'B8', 150),
(5, 8, 'A12', 150),
(6, 9, 'B1', 150),
(7, 10, 'H7', 150),
(8, 11, 'B9', 150),
(8, 12, 'B10', 150),
(8, 13, 'B11', 150),
(8, 14, 'B12', 150),
(9, 15, 'C2', 150),
(10, 16, 'D1', 150),
(11, 17, 'D2', 150),
(11, 18, 'D3', 150),
(12, 19, 'F5', 150),
(12, 20, 'F6', 150),
(13, 21, 'G9', 150),
(14, 22, 'M1', 150),
(14, 23, 'M2', 150),
(14, 24, 'M3', 150),
(1, 26, 'A4', 150);


